timestamp,supi,pdu_session_id,sst,sd,event_type,req_5qi,req_gfbr_kbps,req_mfbr_kbps,req_arp,auth_gfbr_kbps,label
2026-01-01T00:00:01.000Z,imsi-001010000000001,1,1,000001,PDUSessionEstablishment,2,5000,10000,8,5000,normal
2026-01-01T00:00:03.200Z,imsi-001010000000002,1,2,000002,PDUSessionEstablishment,82,2000,4000,4,2000,normal
2026-01-01T00:00:05.700Z,imsi-001010000000010,1,1,000001,PDUSessionEstablishment,2,5000,10000,8,5000,attacker
2026-01-01T00:00:20.100Z,imsi-001010000000010,1,1,000001,PDUSessionModify,2,8000,16000,6,8000,attacker
2026-01-01T00:00:20.400Z,imsi-001010000000010,1,1,000001,Npcf_SMPolicyControl_Update,2,8000,16000,6,8000,attacker
2026-01-01T00:00:21.000Z,imsi-001010000000010,1,1,000001,PDUSessionModify,2,12000,24000,3,10000,attacker
2026-01-01T00:00:21.300Z,imsi-001010000000010,1,1,000001,Npcf_SMPolicyControl_Update,2,12000,24000,3,10000,attacker
2026-01-01T00:00:21.900Z,imsi-001010000000010,1,1,000001,PDUSessionModify,2,20000,40000,1,12000,attacker
2026-01-01T00:01:10.000Z,imsi-001010000000002,1,2,000002,PDUSessionModify,82,2200,4400,4,2200,normal
2026-01-01T00:01:10.250Z,imsi-001010000000002,1,2,000002,Npcf_SMPolicyControl_Update,82,2200,4400,4,2200,normal
